Machine,Lambda,Trial,Time,Demand,selectedHub0,selectedHub1,selectedHub2,selectedHub3,selectedHub4,selectedHub5,selectedHub6,selectedHub7,selectedHub8,selectedHub9,selectedHub10,selectedHub11
DESKTOP-S7OVCUR,0.5,0,0.0,1085.8771537424323,13,39,55,58,70,75,84,97,107,108,116,132
DESKTOP-S7OVCUR,0.5,30,0.23840069770812988,1125.3673282270463,13,39,55,58,75,84,97,107,108,116,132,148
DESKTOP-S7OVCUR,0.5,31,0.2700343132019043,1147.5526931836348,13,39,55,58,70,97,107,108,111,116,132,140
DESKTOP-S7OVCUR,0.5,39,0.4050908088684082,1186.8718815546883,13,39,55,58,97,107,108,111,116,132,140,148
DESKTOP-S7OVCUR,0.5,87,0.7545075416564941,1204.7906793156192,13,33,39,55,58,97,107,108,111,132,140,148
DESKTOP-S7OVCUR,0.5,246,2.1241695880889893,1207.4052857882702,13,24,33,39,55,58,97,107,108,132,140,148
DESKTOP-S7OVCUR,0.5,248,2.173879384994507,1243.5760964772974,13,24,39,55,58,97,107,108,111,132,140,148
DESKTOP-S7OVCUR,0.5,1553,10.213934898376465,1248.5860498920522,13,18,24,39,55,58,97,107,108,132,140,148
DESKTOP-S7OVCUR,0.5,3135,20.809001922607422,1258.0190618242693,13,24,39,41,55,58,97,107,108,132,140,148
