Machine,Lambda,Trial,Time,Demand,selectedHub0,selectedHub1,selectedHub2,selectedHub3,selectedHub4,selectedHub5
DESKTOP-S7OVCUR,0.5,0,0.015624523162841797,298.6887095840366,24,28,84,93,109,140
DESKTOP-S7OVCUR,0.5,1,0.04697012901306152,490.4801334044937,35,49,107,108,109,111
DESKTOP-S7OVCUR,0.5,3,0.07268667221069336,633.3559391288795,24,35,55,97,107,131
DESKTOP-S7OVCUR,0.5,13,0.18360686302185059,662.8062593335749,24,35,55,107,108,131
DESKTOP-S7OVCUR,0.5,16,0.21791481971740723,801.9469728133066,35,55,97,107,108,131
DESKTOP-S7OVCUR,0.5,18,0.23866510391235352,843.9443333164752,24,55,97,107,108,131
DESKTOP-S7OVCUR,0.5,86,0.43242383003234863,935.2725458607604,24,55,97,107,108,132
DESKTOP-S7OVCUR,0.5,304,1.1903867721557617,991.8739732768214,13,55,97,107,108,132
