Machine,Lambda,Time,Demand,selectedHub0,selectedHub1,selectedHub2,selectedHub3,selectedHub4,selectedHub5,selectedHub6,selectedHub7,selectedHub8,selectedHub9,selectedHub10,selectedHub11,selectedHub12,selectedHub13,selectedHub14,selectedHub15,selectedHub16,selectedHub17,selectedHub18,selectedHub19,selectedHub20,selectedHub21,selectedHub22,selectedHub23
DESKTOP-S7OVCUR,0.5,0.017904043197631836,1395.6369148366155,13,19,20,22,24,28,34,42,44,46,59,73,79,80,81,96,102,111,132,145,151,153,159,163
DESKTOP-S7OVCUR,0.5,0.1356191635131836,1426.4376721304734,19,20,22,24,28,34,39,42,44,46,59,73,79,80,81,96,102,111,132,145,151,153,159,163
DESKTOP-S7OVCUR,0.5,0.5177946090698242,1427.028010480469,19,22,24,28,34,39,42,44,46,59,73,79,80,81,94,96,102,111,132,145,151,153,159,163
DESKTOP-S7OVCUR,0.5,0.8233349323272705,1440.3098502295923,19,20,24,28,34,39,42,44,46,59,73,79,80,81,94,96,102,111,132,145,151,153,159,163
DESKTOP-S7OVCUR,0.5,1.3026964664459229,1476.6615511867192,19,20,22,28,34,39,42,44,46,59,73,79,80,81,94,96,102,111,132,145,151,153,159,163
DESKTOP-S7OVCUR,0.5,2.1190032958984375,1482.9932047468965,13,19,20,22,28,39,42,44,46,59,73,79,80,81,94,96,102,111,132,145,151,153,159,163
DESKTOP-S7OVCUR,0.5,2.16900634765625,1505.7010956796619,19,20,22,24,28,39,42,44,46,59,73,79,80,81,94,96,102,111,132,145,151,153,159,163
DESKTOP-S7OVCUR,0.5,4.165112257003784,1505.7019671818323,19,20,22,24,28,39,42,44,46,59,79,80,81,94,96,102,110,111,132,145,151,153,159,163
